,LibraryDocumentID,GT_ManufacturerName,GT_SupplierName,GT_ProductName,GT_ProductCode,GT_RevisionDate
204572,16439836,Green Line,,GreenGard PA12,GLE-10070,2020-07-06
143442,15160871,SEM PRODUCTS INC,,39377 SEAM SEALER,"59JG20, 39377",2016-01-08
248823,15702332,Snomax International,,Snomax Snow Inducer (SMXIN),,2019-01-01
235550,15034287,"Upsher-Smith Laboratories, Inc.",,JANTOVEN WARFARIN SODIUM TABLETS,,2009-07-08
247784,15133633,Zest Polyurethanes,,DURABAK,,2018-05-01
239657,16077134,Baril Coatings BV,,BARILINE EXPRESS,10851,2019-09-12
101394,14646065,"ACTAVIS, INC.",,"Fludarabine Phosphate for Injection, USP",,2015-01-04
194203,14744876,Alpha Systems,,5200B,,2015-06-25
250020,16537348,Carbonfree Chemicals,,SODIUM HYDROXIDE All CONCENTRATIONS MEMBRANE,,2015-10-04
246543,16419484,"HOLLAND MANUFACTURING CO., INC.",,REINFORCED GUMMED NON-ASPHALTIC LAMINATED PAPER,,2014-08-20
243663,15035211,Hawk Solutions,,Windshield Washer Solvent,,2015-11-09
239644,15250816,"Brad Penn Lubricants, LLC.",,Penn Grade 1 Partial Synthetic High Performance Oil SAE 10W-30,BP7150,2015-04-08
235318,14612665,"Poly-Fiber, Inc.",,Poly-Tak,Adhesive,2011-07-01
249209,16164989,"NutriGaard, LLC",,Gum acacia,,2015-12-17
244992,16121141,Verso Corporation,,Green Liquor,,2020-01-08
187850,16335898,SC Johnson Professional Ltd,,Estesol Orange Pure,"DOP2000L, DOP4000L, DOP10MLUK, DOP200LT",2019-01-17
212931,15543515,Grow Automotive,,Premium Wash Thinner,1501,2019-11-06
233526,14900998,Peak Lubricants Pty Ltd,,85W-140 Gear Oil,,2013-04-12
242989,16542565,Homeland Ind. & Safety,,Striker,354000002-41GL,2021-02-02
234254,15381622,"Hangzhou Future Power Technology CO., Ltd.",,Polymer Lithium Ion Battery,,2019-10-30
194103,14783270,Day International Chemical Products Div.,,ECOLO-CLEAN,B011028,2005-01-03
235998,14784774,"EcoSMART, a division of Kittrich Corp.",,EcoSMART Flea & Tick Repellent (Spray-on-Dog),"33804, 33268",2017-08-01
234547,14602815,Waterlox Coatings Corporation,,350 VOC Sealer/ Finish,TB 6038,2015-07-09
233570,15496974,PRIST,,Prist Windshield Cleaner P/N,"16058113, 16058112, 16058111",2019-09-02
169213,14716152,Chevron Canada Limited,,"Chevron Moly Grease EP 1, 2","255659, 255660",2016-03-21
246311,14645448,Lockheed Martin Missiles and Fire Control,,Polyol Blend (Part A) - PM244,,2015-05-28
208016,15892947,Rockline Industries,,Member's Mark Disinfecting Wipes1,"1100065123, 1100076543, 1100089110, 1100068923, 1100059163",2020-01-13
241654,17019551,KW Plastics Recycling Division,,Polyethylene (PE) resin,,5/4/21
103126,16289548,Sharda USA LLC,,Sharda Bifenthrin 17.15% LFR,83529-79,2020-12-20
238362,16359214,PX DENTAL,,SNF 0-1,,2019-09-21
102824,15288931,Xylem Analytics Germany GmbH,,STP 4,108706,2019-07-30
226404,14980250,Baldwin Americas Corporation,,"Oxy-Dry Anti-Offset Powder, Type Oxy-40",,2014-06-20
241407,16374014,Clark Filter,,Non-Phenolic Saturated Fire Retardant Paper With Nanofiber,"S24381 FR, S24521 FR",2008-12-08
242623,16652851,NTE Company (Pty) Limited,,Mimosa ME Powder,,2021-08-20
250098,16856098,Cerium Optical Products,,Ink Remover,,2015-05-01
241510,14612244,ACP Chemical Products Inc,,Acetaldehyde,A0080,2018-10-01
224754,16040416,Sandream Impact LLC,,Sachet Splendid White S1991,,2019-05-25
235152,16359952,"Harry's, Inc.",,Body Wash - REDWOOD,1531421,2020-02-20
234038,15793606,John Hogg Technical Solutions,,DYEGUARD FLUORO GREEN,"GREEN5, FLUOROGREEN",2019-10-25
237913,16405060,"Magnum Solvent, Inc.",,Ethylene Glycol-Deionized Water 75/25 mix,,2018-09-07
246376,14822915,"SATCO Products, Inc.",,SATCO,,
247224,15581369,Henry Filters,,HF-40,,2015-01-22
241877,16159900,Robnor ResinLab Ltd,,TS130/NC,,2019-02-18
249863,16507002,Bush Enterprise LLC,,BMP18Z polymer,,2018-06-25
248943,15917992,"Walla Wallla Environmental, Inc.",,pH Adjust & Sludge Conditioner - AF,,2019-01-16
233236,16198342,IMPAG AG,,IMPAMINE 300,,2017-08-18
229917,16152269,Hicks Oils,,Automatic Transmission Fluid M/D III,"1311, 101311",2020-09-23
242767,16841574,SW Racing,,Foggit,40186,2021-05-18
213594,16046892,"Certol International, LLC.",,ProLube RTU,PLR,2013-08-01
103523,14938851,Best Klebstoffe GmbH & Co. KG,,BEST-MK 44xx-Types,,2019-01-24
230660,16313151,ChemStation Southeast,,3140,,2020-08-21
225435,14920227,"MP-Espree, LLC.",,Super Shine Finishing Spray,5004168,2019-02-01
236023,15041073,Nordkalk Oy Ab,,Nordkalk QL,,2018-11-08
243720,14611420,Kay Diamond Products,,KG8023 Diamond Compound,KG8023,2017-08-24
232226,14603167,CBD Group,,Chlorinated Rubber Alkyd Zone Marking Paint White,Z97W910,2018-10-28
221491,15760043,Burke Industrial Coatings,,BRC 6000 Rust Converter,30-6000,2016-06-09
101345,15589003,Bayer CropScience,,SERENADE ASO,80924771,2019-02-15
249822,16490845,BIOSAFE DISTRIBUTORS LLC,,BioSafe Aqueous Ozone Solution,,2021-02-23
242067,15855246,"Abraxis, Inc.",,Microcystin LR Standard,300630,2018-09-19
191123,14860005,HB Chemical,,P-521,,2014-12-04
235181,15484849,"RZBC(JUXIAN) CO., LTD.",,Citric Acid Anhydrous,,2019-01-01
236871,14594536,Republic Steel,,Carbon Steel,,2015-04-23
240187,16419349,Kinkelder USA,,K 6000,,2021-01-21
100013,16142130,Archroma Management GmbH,,Cartasol Yellow BGFN liq,188324,2020-10-15
243074,15939143,"DisChem, Inc.",,SurPass 3000,SP3,2020-03-23
235013,14646570,"ROBERLO, S.A.",,FUTURA GLASS,51572,2005-10-28
189977,15294481,Bayer MaterialScience LLC,,DESMODUR N 75A BA/X,85733363,2015-06-18
218057,15008774,Dell Inc.,,Dell High Capacity Yellow Toner Cartridge,,2013-05-23
245472,14967539,Faux Effects International Inc.,,SETCOAT CLEAR,SETCOAT CLEAR,2019-01-23
235730,15060880,ABICOR Binzel USA,,BINZEL ABI-SHIELD,"192.8012, 192.8013, 192.8014, 192.8015",2014-01-31
225589,16157444,Cargill France SAS,,Satiagel SI A,,2016-03-21
240764,16112489,Panadyne Inc,,Boron Carbide,,2018-10-03
231604,15128422,"SAYERLACK, a brand of Sherwin-Williams",,Powder Glaze White,XP66500A1,2019-05-23
234703,14981003,AccuChem Industrial Cleaning Chemicals,,AccuSpray NF,,2019-04-15
237319,15251576,"Henkel Adhesive Technologies Vietnam Co., Ltd",,LOCTITE 542,IDH234422,2018-09-25
193208,15686001,Vibra Finish Co.,,VF-X Plastic Media,VFX,2017-09-17
244185,16394591,Perstorp Waspik B.V.,,ProPhorce SR 130,,2020-01-03
237109,16499135,"Chemjet, Inc.",,JET BASE 360,1091,2016-08-04
234685,16010461,Aveda Corporation,,Hand Relief,,2015-05-20
246574,14737419,Premier Chemical Technologies,,PCT 1438,,2018-05-23
238766,16397608,"Amerifoods Trading, Co.",,First Street Glass Cleaner with Ammonia,,2017-11-14
215837,15337470,Stahl USA,,PERMUTEX RU-41-206,,2018-02-20
250052,16549745,Extract Production Services,,Extract Exact ESP 460 EP,0921,2021-02-08
234439,16985977,TC Energy Corporation,,Natural Gas (Sweet),,3/8/22
232902,14932938,Eni Schmiertechnik GmbH,,AUTOL TOP 2000,,2011-12-01
236600,16290617,PCS Industries,,Proline Release Heavy Duty Degreaser,N220-16054,2018-03-08
232023,16155872,"Color Fast Industries, Inc.",,Ultra Performance Color Specific Caulk,,2020-06-23
241452,14590924,Neschen Coating GmbH,,filmoplast P 90,,2018-06-20
102623,16126289,FastServ Supply,,"GEAR LUBE Gear, Chain & Cable Lube",F312,2014-09-25
223774,14991849,Grau Aromatics GmbH & Co. KG,,MANGO EXTRACT HS 2756 G (524703),,2013-01-30
161869,16494484,Occidental Chemical Corporation,,HYDROCHLORIC ACID (HCl) (ALL GRADES),,2021-06-17
242708,16444184,Apollo Petroleum Services,,Apcotane,,2020-04-16
233791,14779333,Wedor Corporation,,Omit,,2016-11-11
242827,16341061,Folienwerk Wolfen GmbH,,EVA films,,2014-01-03
218995,16503956,NDC,,Pro Advantage Lubricating Jelly,,2016-01-02
248979,15907818,Laser Sales Inc.,,Premium Carb Cleaner,42608,2017-07-25
241993,15553265,"HATCHBEAUTY PRODUCTS, LLC.",,NATUREWELL - COCONUT MOISTURIZING CREAM,,2019-01-14
246327,14762939,SUNBELT USA,,Sunbelt Premier Enzyme Prespray,SNB8085,2014-05-15
249548,16410458,Clover Portugal Lda.,,Q-CONNECT - Samsung SF-5100,521218VAS,2016-09-01
225832,15766189,"United Laboratories International, LLC",,Rezyd-X Z67,,2016-12-08
245599,14594186,Perform Manufacturing,,Scale Off,8250,2014-10-29
228381,14822249,TwinOxide International B.V.,,TwinOxide Component A,,2013-05-12
239325,16434161,Landus Cooperative,,SoyPLUS,,2019-10-21
223908,16307372,"Koch Fertilizer, LLC",,Urea Liquor,KF_UreaLiquor_US_EN,2017-07-12
240304,16312784,Continental Aftermarket & Services GmbH,,Original ATE Brake Fluid SL (DOT 4),03.9901-58xx.x / 7058xx,2020-04-01
226142,15131515,Fritz-Pak Corporation,,Super Air Plus,"95664, 95667",2015-05-14
247755,15761599,UNION QUIMICO FARMACEUTICA,,ALBENDAZOLE,M1002,2010-12-17
237223,15924928,"Gojira Fine Chemicals, LLC",,N-Acetyl-D-Galactosamine,"AG1001, AG1008",2014-06-27
86120,16490650,"Ambeed, Inc.",,"4,5,6,7-Tetrachloro-2-hydroxyisoindoline-1,3-dione",A166141,2020-04-23
239169,16339735,"Chongqing Honoroad Animal Health Co., Ltd.",,D-Calcium pantothenate,SHVIT002,
238290,15586300,Sun-Tec Corporation,,RENOLIN ZAF B 22 HT PLUS,,2016-11-21
213580,15674066,"ValCOOL, LLC",,VP TAP,,2019-11-13
247503,14647994,"Mercury Displacement Industries, Incorporated",,"Mercury Relay & Switch Series: 30NO, 35NO, 35NC, 60NO, 60NC, 100NO, 100NC, TS-1, TS-10, Various Tilt Switches",,2018-02-01
219553,16493930,"Quaker Houghton Canada, Inc.",,WOCO MINERAL SPIRIT REPLACEMENT,10288,2021-03-12
234322,15841741,Sapadilla Soap Co.,,Sapadilla All Purpose Cleaner Grapefruit + Bergamot,,2020-03-09
247618,16079255,ITW POLYMERS & FLUIDS AUS,,Devcon Aluminium Putty (F) Resin,,2013-01-01
234048,15051916,Dr. Wittmann GmbH & Co. KG,,Air-Flow Plus / DV-086,,2016-07-13
227086,14858860,Lipoid Kosmetik AG,,"Dragon Fruit Herbasol Extract PG, unpreserved, system 3",400674.35.2,2016-06-06
243769,16157963,FORTA Corporation,,FORTA SUPER-SWEEP,,2019-05-21
204664,14766574,"Jacam Manufacturing 2013, L.L.C.","Jacam Chemicals 2013, L.L.C.",WCI 1134 Corrosion Inhibitor (s) (Only vsn),,2018-02-28
101631,14932654,DOKUMENTAL GmbH & Co KG,,"PF 61xx.1 Series; xx = 00, 10, 11, 20 (various colours)",100000003316,2018-01-18
249625,16437612,CYBERGUN GROUP,,GREEN GAS 600ml,,2020-02-13
236952,14635552,Channel Prime Alliance,,Acrylonitrile Butadiene Styrene,,2019-01-31
239406,16314524,ArrakisTek Inc.,,D-Fructose 1-phosphate disodium salt,,2018-06-01
240569,15132930,Releasit,,Releasit Encap-Clean DS2,511189,2019-03-02
234223,16078903,GreenChem,,N-Butanol (N-Butyl Alcohol),GrnChm NButylA,2013-04-21
247442,16494703,MEI Corporation,,MEI-8478,,2020-02-08
194346,16106729,Jotun Paints (Malaysia) Sdn Bhd,,Durathane AS Comp B,8320,2018-09-26
247056,16368663,Hogans Wholesale,,Tradesman Touch Up Paint,,2016-12-01
232586,16461634,Avient Colorants Sweden AB,,MEVOPUR-GREY NC7M176199-ZN,"NC7M176199, 000000566327",2021-01-31
242281,14864678,Beacon Labs,,NAUTILUS PLUS,MCS-232,2017-02-14
223593,15317287,Orient Corporation of America,,Nigrosine Base SAPL,1004111,2018-06-15
239950,14991527,ARCO LTD,,ARCO ALL PURPOSE WASHROOM CLEANER (2X5L),5546851,2016-10-04
224522,15903233,Tower Oil & Technology,,TOWERDRAW E-619,,2017-06-01
241208,15674019,"Odorite International, Inc.",,Odorite KC403-3,,2017-03-29
196167,15681077,CHEMISPHERE SOLUTIONS LTD.,,CHEM BLU32 (L0032),,2017-01-01
248052,14602636,"Trelleborg Pipe Seals Park Hills, Inc.",,C-56 Joint Sealant,,2015-05-29
99496,16205324,"ACTEGA North America, Inc.",,WATER VARNISH HIGLOS OVERPRINT,,2018-08-31
181582,16149859,Coilhose Pneumatics/Acme Automotive,,Air Tool Lubricant,"ATL004, ATL016, ATL032, ATL128, ATL55, A145-4, A145-16, A145-32, A145-128",2016-02-11
190343,14915463,Birchwood Laboratories,,PRESTO BLACK GEL,,2017-03-14
93656,15202898,ANTI-SEIZE TECHNOLOGY,,TFE PIPE THREAD SEALANT W/PTFE,"23YA86, 4UJ90, 4X222, 56ZG99, 5X998",2017-12-11
234355,14720183,3M Korea,,3M Stainless Steel Cleaner & Polish,"22-4079-4, WX-3000-4926-8",2018-01-17
234277,15143933,ARLANXEO Canada Inc.,,KRYNAC 3370 F,57702747,2017-04-28
103687,15808121,"Helifix, a division of HALFEN USA",,HeliBond Liquid Component,,2012-10-22
225932,16305215,Holzminden,,Neem Oil,105008,2019-02-01
232066,14607512,"Riken Vitamin Co., Ltd",,RIKEMAL S-100,,2015-01-09
187197,14981158,"Radians, Inc.",,VisionAid Rainbow Lens Cleaner,"1LCL211B, 1LCL211E, 1LCL2112, 1LCL211C, 1LC1776DU, 1LC5000D, 1LC382D, 1LCT100, 1LCT200, 1LCL211A",2018-06-27
238188,15698987,HALOX,,HALOX 900,,2011-10-19
97434,16305690,SEPPIC SA,,MONTANOV 202,36196T,2020-04-15
233343,14705456,American Oil & Supply International,,Vitalife 500,,
217625,16497050,AMETEK Spectro Scientific,,Viscosity 120 Standard,PV1026,2020-11-20
246461,15200337,Tiarco Chemical Europe GmbH,,Octocure ZNO-50,,2015-05-29
178007,16321734,ROCOL a division of ITW Ltd,,FOODLUBE CHAIN SPRAY,,2020-12-03
228313,16319497,"Macco Organiques, s. r.o.",,Magnesium sulphate heptahydrate,,2020-03-20
244609,14822605,DELTA INDUSTRIES,,DPO,,2019-01-09
238493,16385276,Van Iperen International BV,,Van Iperen Magnesium Sulphate Horticultural Grade,,2019-06-20
240910,16452829,"Nevitt Fragrances, Inc.",,Clean & Fresh R-10353,R-10353,2021-02-15
232097,14915261,Kem Krest,,WHITEWALL TIRE CLEANER,101693-GHS-US,2017-11-17
230314,15337445,Copperhead Chemical Company Inc.,,SDM 27,,2015-10-19
103456,15198445,Umicore Optical Materials Inc.,,"Aluminium Al (Sheet, Disc, Target, Foil, Wire)",300000000201,2019-06-17
241653,14876057,Diesel Forward Inc.,,ALLIANT POWER - LUBRIGUARD,66601,2018-08-08
237985,15287460,CONTINENTAL PRODUCTS COMPANY,,HIGH SOLIDS A.D. PRIMER - ARIEL BLUE,80-35-8446,2016-08-05
214454,16154647,Air Liquide Australia Limited,,"0.005-50.0% CO2, 0-2.5% METHANE, 0-23.5% OXYGEN in NITROGEN",,2016-12-16
164339,15916619,"Archroma U.S., Inc.",,Leucophor SKC liq,279374,2019-07-05
246307,15290100,REC Silicon Inc.,,MONOCHLOROSILANE,,2017-01-09
237740,16201356,Methapharm Inc,,Methacholine Chloride USP,,2020-08-05
246492,14857802,Safco Dental Supply Co.,,Safco Chill Refrigerant Spray,102-8550,2016-04-01
77799,14928171,"Bio-Rad Laboratories, Life Science Group",,Fast Blast DNA Staining Solution,"1660420, 9704664, 9704659, 1660420EDU",2019-04-22
249826,16497833,Format Messtechnik GmbH,,Adhesion-Promoting Agent,300-0.272,2021-05-26
224668,14890273,Tate & Lyle,,CC-1750 Sherbet Stabilizer/Emulsifier,,2018-05-25
241748,15865645,SMOOTH 42 Craft Distillery Ltd.,,CRE8 HAND SANITIZER,,2020-03-25
249157,16138609,"Almirall, LLC",,Veltin (clindamycin phosphate and tretinoin) Gel 1.2% / 0.025%,,2020-01-07
242164,16379236,Clean Science & Technology Pvt. Ltd.,,Butylated Hydroxy Anisole (BHA),FG 00023,2019-03-01
251531,16074698,"Chevron Philippines, Inc.",,"Marfak Multipurpose 2, 3","510818, 510819",2020-07-14
223869,15133591,"Wanhua Chemical (America) Co., Ltd.",,WANNATE 8219,,2018-04-24
241593,16157360,Remmers GmbH,,KIESOL C [basic],0727,2020-03-23
241833,15761488,Recipharm pharma services Private Limited,,"Baclofen Tablets, USP",,2019-07-26
248533,14865737,Yichang Humanwell Oral Solid Dosage Plant,,"Bupropion Hydrochloride Extended-release Tablets USP (XL), 150 mg and 300 mg",,2016-11-18
242810,16342071,DSTG MELBOURNE,,DST WATERBORNE TOPCOAT GEN 4 - PART A (ALL COLOURS),,2020-12-14
239616,16389363,"Shanghai Waysmos Fine Chemical Co., Ltd.",,HFC-227ea,,2015-02-06
242834,16421279,Jones Motor Purr Inc.,,Tune Up,2002,2017-12-15
238825,16531537,Atlas Antibodies AB,,TripleA Polyclonals and PrecisA Monoclonals,"HPA000001-HPA999999, Amab00001-Amab99999",
251676,16472113,Hempel (New Zealand),,HEMPEL'S THINNER 08450,0845000000,2013-05-16
235526,14655349,Hoover Color Corporation,,Hoover 506BU,506BU,2015-04-29
230663,14868407,Axcentive SARL,,Halamid,,2016-03-24
247886,14649989,"Janico, Inc.",,Non-Para Urinal Screens and Blocks,"7001, 7003, 7004, 7008, 7010",2013-09-10
204701,14597117,BWA Water Additives US LLC,,FLOCON MC15,100535,2016-12-20
249527,16396993,Cardinal Spirits LLC,,FDA / World Health Organization Hand Sanitizer Formula (Ethanol-based),,2020-04-08
233913,15200450,"NICCA USA, INC",,NICCA SUNSOLT RF-560,500300050,2018-11-19
229022,16335875,Millfield Enterprises (Manufacturing) Limited,,Dibenzoyl peroxide + 20% mixture,,2015-01-03
193512,15539948,"Spectrum Coatings Laboratories, Inc.",,Water Base Urethane,WU2K-501,2019-07-17
102088,14612658,"Dura Technologies, Inc.",,GREY EZ SANDING PRIMER,707-061,2016-05-17
233338,15902263,"Rotam North America, Inc.",,Plotter Agricultural Herbicide,,2015-05-16
237547,16357736,BIKE MASTER,,GEL LUBRICANT,,2020-12-29
242218,16009765,"CHEMFINE INTERNATIONAL CO., LTD.",,Magnesium Carbonate,,2020-05-20
246993,15132680,Cuyahoga Molded Plastics,,AB Series Unsaturated Polyester Molding Compounds,,2018-03-02
229471,15914166,Omya Australia Pty Ltd,,PANGEL BSF1,,2016-06-01
247831,14788905,ICD High Performance Coatings,,OPACI-COAT,OC/RC,2018-07-09
245077,16314154,HL Green Power Inc.,,Model LF Battery Pack Assembly,,2015-03-16
196268,15893230,"BioSpectra, Inc.",,Guanidine Hydrochloride,,2019-07-18
90015,15124033,Roche Diagnostic Canada,,ALTL,04718569190,2018-11-12
246401,15557166,"TARRAGO BRANDS INTERNATIONAL, S.L.",,HIGHTECH NANO PROTECTOR SPRAY 400ML,TGS22000-712,2015-10-13
98229,14997159,Interflon b.v.,Interflon USA,Interflon Food Grease HD2,,2018-09-05
239251,15552847,Spectrum Brands Australia Pty Ltd,,Armor All Wash and Wax Car Wash,,2016-11-01
248445,14710097,THE DISCOVERY LANCER GROUP,,13 OZ LANCER HR-88 ADHESIVE LBL 12PK (FJ,1000002928,2015-11-23
75511,14786631,Fine Fragrances,,Sebastian Professional Shaper Plus Hairspray,98590028_PROF_NG,2015-04-28
226594,16041073,Aromatics + Flavors Inc.,,TIMONIA FRAGRANCE #9300-10705,03556,2020-04-22
237530,16329740,Fosroc International Limited,,Fosroc Galvafroid,"1590020UK9, 1590022UK9, 1590042UK9, 1590080UK9, 1590120UK9",2020-09-29
240094,14961252,"AstroNova, Inc.",,Natura Black,,2019-01-31
223769,15819254,"NIHON KOKEN KOGYO CO., LTD.",,Arcopearl FEHD 450,,2017-08-07
97849,14712189,Colortech Inc,,WHITE,11609-189,2015-05-12
234097,14870635,BRASKEM,,SPB608,,2014-10-02
215767,16449070,DKSH France SA,,SPD-T5L,110478556,2017-06-12
209422,15684565,"RH Products Co., Inc.",,HH-66 Thinner,,2018-01-02
221713,16343513,"LibreChem, Inc.",,NATRIUM 230,NA230,2020-10-18
247506,14801839,Glenn Hunter & Associates,,MgO Gold,,2017-07-27
242337,16392879,Hallmark Metals Corporation,,Lino Type (Tin/Lead/Antimony alloy),,2017-01-27
238867,14780415,"Jing He Science co., LTD",,CF4 (TETRAFLUOROMETHANE),,2017-01-04
237028,15287100,Spa Partners,,Sauna Cleaner,,2015-08-10
241938,15033284,Abosyn Chemicals Inc.,,"5,6-diaminopyridin-2(1H)-one",61-10653,2018-03-27
246620,15485314,EMUGE-Werk Richard Glimpel GmbH & Co. KG,,EMUGE Thread Cutting Oil No. 3+ EMULSION,,2019-05-29
98053,14936315,Irving Blending & Packaging,,IDO Premium Plus 15W-40 CI-4/SL - Canada only,,2019-04-03
241747,15864634,Indigo Instruments,,Sanitizer Test Strips (various range Cl ; QAC ; Peracetic ; HP),33815-XXXX ; 33819-XXXX ; 33818-XXX ; 33815-PXXX,2015-06-01
236096,15854552,"Taylor Industries, LLC",,Sani Quat II Sanitizer,50-163,2020-02-27
241614,15708733,HH Asia Trading Incorporated,,MOBILGREASE XHP 222 SPECIAL,"2015A0202531, 530550-00",2019-09-06
248621,14967073,Polymer Factory AB,,BOLTORN W3000,,2008-04-19
189497,14745547,"Edgewell Personal Care, LLC",,Banana Boat Simply Protect Sport Spray SPF 50+ (Aerosol),92039260,2018-09-19
225388,15904264,Eau Claire Coop Oil,,Award Turf Fertilizer 14-25-10 25% Duration 90,385-2000,2015-07-13
191189,15588998,Gowan Company,,Confirm 2F Insecticide,,2019-08-02
237203,16050038,"UMICORE PRECIOUS METALS CHEMISTRY, LLC",,Umicore HS234,"000000003000036033, 300000005927",2020-06-05
242893,16549497,SMM Manufacturing Inc.,,ClO2-DMG Technology,,2016-10-21
243860,16164748,"Manor Chemical Co., Inc.",,"KB783552, THINNER","KB783552, THINNER",2011-08-17
223430,14755682,Bridgepoint Systems,,FRESH LEMON DEODORIZER CD12,,2013-07-26
235679,15138753,"Water Solutions Unlimited, Inc.",,WSU HYPO-CLEAN,,2018-01-02
231320,14792113,"Maverix Solutions, Inc.",,Maverix Mold Cleaner - L,,2019-01-14
226303,14928635,AZELIS,,Al 6N5 - 10g - Dia 12 x L 33 mm - Individually Packed,203292,2018-06-25
246654,15889117,"COLORES CERAMICOS DE TORTOSA, S.A.",,AL 33360 TURQUESA,,2020-04-15
209970,14740569,Thor Specialities (UK) LTD.,,ACTICIDE ICB 6,,2017-12-13
218622,16032340,Force Industries Division,,AMCO 4986,693,2019-01-09
239350,14944817,American Gypsum Company LLC,,Gypsum,,2019-04-01
249816,16491305,"CLEAR CREEK SYSTEMS, INC",,CCS - 15,,2015-02-18
236356,15124830,"Becker Microbial Products, Inc.",,Aquabac Primary Powder,,2015-05-26
218602,16437665,Valspar Corporation,,REDUCER HIGH PERFORMANCE MEDIUM,172HP,2020-10-10
237162,15787495,"Shanghai Riyan Foods CO., Ltd.",,#5301SH Soy Sauce Powder,,2019-04-24
239311,14950285,SREM TECHNOLOGIES,,FLUXO 4 Aerosol,,2019-02-20
245960,16487833,Sentry Industries Inc.,,Sta Clear Liquid Chlorinator,,2015-06-30
249769,16476358,WestBond Industries Inc.,,Viroban Plus,,2020-06-10
238037,16109111,Forchem Oy,,"FOR 2, FOR 2X, FOR 5 Tall Oil Fatty Acid",,2017-02-02
238637,16426176,Staley Enterprises,,PRE-CHARGED AEROSOL CAN,ALV16-013,2019-01-01
231497,16301273,R&G Faserverbundwerkstoffe GmbH,,Epoxy Resin L 20,112113,2019-11-13
236962,16070255,Gibson Bioscience,,India Ink Control,"100111, 100112, 100114,100115, 300125",2014-02-04
222582,16499000,TANATEX Chemicals B.V.,,BAYPRET NANO-PU,,2018-03-09
236928,16504232,"WESTERN POWDERS, INC.",,Montana X-Treme Bore Solvent,,2015-12-01
97794,15154747,"Haldor Topsoe, Inc.",,HTZ-51,,2017-11-13
223361,16435084,Climax Molybdenum Company,,Sodium perrhenate solution,,2019-10-03
183665,16380388,Clover Imaging Group,,High Yield Magenta Toner Cartridge for HP CF363X (HP 508X),HPCF363X,2018-11-11
242903,16617542,Qatar Plastic Additives Company,,QADDCO ADDITIVE BLEND 443100,,2020-11-10
239732,16409068,Dreve Dentamid GmbH,,Hardener paste,,2017-07-21
249359,16337025,Marshalls Creek Quarry,,"Argillite, Siltstone",,2021-02-12
226192,16318723,"Kyowa Chemical Industry Co., Ltd.",,ALCAMIZER 1,,2020-09-30
232221,14931660,Chemtura USA Corporation,,TERRACLOR 75WP,,2006-02-08
95972,14605720,Ampacet North America,,WHITE PE MB,11078,2018-12-14
214966,16386235,Chem-Pak Inc,,Per-Fix Polypropylene,"7205AAA, 7205AA, 7205A, 7205B, 7205C",2019-08-08
226706,14982188,"Chardon Laboratories, Inc.",,Surface Shield CS,250416,2017-07-21
242132,15130699,LATICRETE South East Asia Pte Ltd,,LATICRETE 3701 Mortar Admix,,2015-03-25
239354,14639237,SpeedoKote LLC.,,Speedo Clear National Rule,SMR-110,2015-05-18
233990,15904074,Emery Oleochemicals GmbH,,DEHYPAR 1262,1127201,2019-03-11
245295,16499056,"Midwest Graphic Sales, Inc.",,HS-3000 Silicone Emulsion,,2020-03-02
231864,16549720,Shell Chemical Company,,NEODOL 25-12 Alcohol Ethoxylate,"38012, V2375",2001-12-05
229766,16152978,"WaterSolve, LLC",,Solve 9244,,2018-06-25
233571,14644899,Glentham Life Sciences Ltd,,(-)-Nicotine hydrogen tartrate salt,GL9693,
232988,16537143,Cabot Norit UK Limited,,NORIT CN3,CN3,2015-10-01
209360,15789678,Smith Paint Products,,Smith's WB Poly B,SCS-WBPOLYB,2015-12-16
244758,16081784,Amino GmbH,,L-Asparagine Monohydrate,"941, 942, 944",2018-05-24
245853,15249818,Plombco Inc.,,Zinc wheel balance weights,,2018-04-27
230216,14595510,Aspen Global Incorporated,,Naropin Solution,,2018-06-01
251447,15546660,Sorbent Technologies,,Alumina,,2016-09-09
103520,14611552,Greyland Ltd,,AUTO RINSE AID,76/03,2018-01-06
242264,16761375,Xtraloc Limited,,ETHYL CYANOACRYLATE,"C,CW,EA,EP,EI,ES,ET,FL,FP,FS",2021-04-02
247952,14736685,"Jiangsu Jiaerke Pharmaceuticals Group Corp., Ltd.",,"Pregnenolone, micronized",C07,2017-06-02
237696,15589752,Repar Corporation,,TEBUCON 45 DF FUNGICIDE,,2016-08-31
234105,15552933,CPI Corporation Pty Ltd,,SOLEST 35,11867338 Ester,2017-01-01
249103,16071904,NXN Beauty,,Hand Sanitizer,,2020-04-20
244630,14813592,Xeikon International B.V.,,Xeikon V3 Toner Cyan,SAP 060744,2017-04-18
241400,16499973,Northern Sanitary Supply,,NORSAN DESCALER METAL BRIGHTENER,,2014-12-31
192093,15813668,Miele & Cie. KG,,Miele ProCare Universal 61,,2015-10-01
103442,15017415,"Lascaux Colours & Restauro, Barbara Diethelm AG",,Lascaux Acrylic Adhesive 303 HV (4001),,2018-08-29
237553,16333445,LANXESS Solutions Australia Pty.Ltd.,,VIBRASTAT SEAS,,2017-07-26
242642,16986527,"Duke's Construction Supplies, Inc",,Duke's High Gloss Sealer,40068,8/10/21
232154,15926337,"Amyris, Inc.",,Hemisqualane,,2015-07-20
167057,14655195,Firmenich Inc.,,050001 C26833 N&A FL(TAHITIAN VANILLA HAZLNUT),US 15834928,2017-05-16
100531,15590948,Bedoukian Research,,trans-2-NONEN-1-AL FCC,353,2018-09-06
236095,16446286,OHAUS CORPORATION,,Conductivity Standard 12.88 mS,30065089,2013-06-01
239835,15027911,Concordia Pharmaceuticals Inc.,,Dutoprol Tablets,,2016-01-05
187489,15861220,"Unisource Worldwide, Inc.",,Contrast Chalkboard and Whiteboard Cleaner,U22955,2005-09-02
141713,16571599,Jeen International Corporation,,JEECOL LA-4,,2021-09-14
247108,15543645,Allegiant Health,,"Non-aspirin Pain Relief Extra Strength, Non-aspirin Pain Relief","010, 012",2015-03-17
99791,14935815,Elkem Silicones France SAS,Elkem Silicones (UK) Ltd,BLUESIL RTV 3428 B PINK,PRCO90000747,2018-10-23
234328,14650643,"Quin Global US, Inc.",,Tensorgrip TC41 Infusion RTM Molding Spray Adhesive,USA,2019-02-08
248964,15915452,"Middle West Spirits, LLC",,Liquid hand Sanitizer,,2020-04-01
248785,15552818,"WAMA ELECTRONICS TECHNOLOGY CO.,LTD.",,Lithium Ion Cell,,2019-01-01
240950,14999476,Dixon Chew (Batley) Ltd,,CERATEX RAL,CERRAL,2018-11-26
239601,16019390,"Archroma France, SAS",,Cartaguard KMP liq,281699,2018-09-18
222034,16518110,Takara Bio Inc.,,50X Titanium Taq DNA Polymerase Mix,S4684,2020-04-08
248190,14867007,STELLA SRL,,"Deoxidant liquid fluxes LI1 ECO, LI2 ECO, LI3 ECO",,2014-01-03
247814,16748913,LAMBERT CHEMICALS SPRL,,ALCOOL A BRULER (ETHANOL BLEU DENATURE),0091,2021-02-02
236240,15938708,Cbee Europe Ltd,,Formula 409 Antibacterial All-Purpose Cleaner - Lemon - US,FO00889US,2014-05-14
224619,16910559,JETCOAT Inc.,,All Weather Roof Patch,"61711, 61714, 61715, 61718, 61719",8/17/21
236590,15813287,"ECO Chemical, Inc.",,Remover LV / Gel,,2015-10-18
227929,15133636,"SABIC Americas, Inc.",,Mesitol-100,C1590,2017-09-22
224712,16451580,HallStar Italia srl,,OLIVEM 1000,O100,2015-05-01
235779,14878566,"Dimmitt Sulfur Products, Ltd.",,"Ammonium Thiosulfate, Solution ((NH4)2S2O3)",,2017-03-07
221337,15379610,"Continental Products, LTD",,High Solids Structural Primer - Olive Gray,80-21-2821,2019-05-10
215739,15760518,Laboratoire Atlas Inc,,Isopropyl Alcohol 70% (Colorless or Red tinted),"A066, A522",2019-07-12
238598,16485205,Ace Janitorial Supplies Co. Inc.,,Medama New GenX Floor Finish,,2016-07-05
235761,16309192,Ramidus AB,,4-Bromobutyloxycyclohexane,,2020-12-02
242012,16752041,"Specialty Coatings / Fluidaire, Inc.",,WR CARRIBEAN BLUE TOPCOAT(SUMMER),2589-BL-35W,2008-08-12
239642,16545931,Chemical Specialties (S) Pte Ltd,,Mono Ethylene Glycol Antifreeze Grade,39537,2021-01-29
242030,15135228,Omnisal GmbH,,dipotassium hydrogenorthophosphate,Z2911111000,2016-02-17
228131,16108925,Velsicol Chemical LLC,,Chlorendic Anhydride PE1+,2330020,2017-09-20
245182,15553473,"Electro-Technic Products, Inc.",,"Spectrum Tube, Iodine",20602,2004-09-22
226435,15786789,Letco Medical,,BISMUTH SUBGALLATE USP,,2019-02-21
214950,14910982,CLARIANT S/A,,HOSTAFLOT 1335,"000000489548, 100005826",2014-03-14
239122,16130595,EZCLEAR,,EZCLEAR Acrylic Cleaner,,2018-07-13
227644,14787754,Sensibly Clean Inc.,,"ULTRA OXY FRESH, Powder Laundry Detergent",,2018-12-11
249746,16472367,"EltaMD, Inc.",,EltaMD Flash Foaming Cleanser,1595062,2020-07-21
249158,16130088,SALT LAKE HOLDING LLC,,TELONE II Soil Fumigant,103110553,2020-05-01
233527,14635965,Signode Industrial Group,,Signode Stretch Wrap Polyethylene,,2015-06-11
232294,16325824,KLK Emmerich GmbH,,EDENOR G99.8 PH,,2017-02-13
215923,15498170,Alpha Engineered Composites LLC.,,Alpha Style #13 AM,,2018-02-06
183291,16385583,Hess Corporation,,Hess 10W30 Motor Oil,52670413,2012-08-30
235097,14921897,"Elixens America, Inc.",,Orange 10X Oil Concentrate - F015026,101281,2016-09-20
248239,16464324,Green Product Solutions,,GreenPatch Liquid,GPL,2015-10-20
233374,15202577,Oxylance Inc,,"Thermic Torch, Burning Bar, Lance Pipe, Surecut",,2016-04-12
229613,15154695,StingRay Tech Services,,Power-Kleen RI,A571XXX-005-001,2018-05-11
93733,16145773,MedChemExpress USA,,AV-412 (free base),HY-10346A,2019-12-06
188428,15543567,"K&N Engineering, Inc.",,K & N Power Kleen,99-0621,2017-08-28
243716,16445466,"Charles Leonard, Inc.",,PVA GLUE STICK,,2016-08-10
235209,16058209,"Shenzhenshi Zhinengpai Technology Co.,Ltd",,Photopolymer Resin,,2019-08-02
230708,15838513,TYFOROP Chemie GmbH,,TYFOCOR,,2019-07-01
99244,14952033,"PROSOCO, Inc.",,Paver Kare Paver Enhancer,56070,2018-06-01
249113,16071523,Saraya Australia Pty Ltd,,Smart-San Instant Mist Hand Sanitiser,,2017-11-20
246820,14921802,Combustion Technologies USA LLC,,CleanBoost Anti-Microbe,CT-CBAM,2012-01-17
190595,14978656,"CP Kelco U.S., Inc.",,FINNFIX 30 G,,2015-06-01
246760,14814115,"Mosaic Mercantile, Inc.",,Mosaic Tile Adhesive,"62948-1004, 62948-1005",2015-06-08
251566,14641483,"Lawn-Boy, Inc.",,Lawn-Boy Green Paint,"89872, 612595",2009-08-24
251613,15842601,Kennay Farms Distilling,,Kennay Farms Hand Sanitizer Alcohol Antiseptic 78%,HS2020,2020-03-23
233031,16339447,Chengdu Biopurify Phytochemicals Ltd.,,11-Oxomogroside IIe,918972-06-2,2017-11-01
241523,16491405,"Steelscape, LLC",,Organic Coated Metal,200000000006,2015-06-01
233063,15129094,"Green Mountain International, LLC",,Accelerator,,2018-06-05
234824,15139848,"Advanced Fuel Solutions, Inc.",,SubZero ih1,IFS0209,2017-06-26
228487,17018303,Christeyns Food Hygiene Ltd.,,KLENZKLOR TABS,M-KKTABS,11/22/17
238361,14812735,"Rockwood Pigments NA, Inc.",,Chromium Oxide Green,"G4099, G5099, G6099, G6099HP, G8599, GA4090, GA5090, GA6090, M100C, GO4099R, GO7099R",2013-11-11
238967,15765618,ROCKLAND COLLOID LLC,,AG-PLUS PHOTOGRAPHIC EMULSION,,2016-07-07
251314,14641908,ProSciTech Pty Ltd,,Gentian Violet,"C095, C0951, C0955",2017-11-14
219110,14700821,US Salt LLC,,Sodium Chloride (Salt) ‚Äì Untreated,,2018-01-01
234022,15196156,Silberline Ltd.,"Silberline Manufacturing Co., Inc.",SilBerCote PC X Series ALUMINIUM FLAKE PIGMENT,,2018-01-23
148212,15727887,BioShop Canada Inc,,"Ethidium bromide, solution, 10mg/ml",ETB444,2019-08-22
194661,16492143,RSC Chemical Solutions,,Tite Seal Heavy Weight Gasket & Joint Compound,"T5504, T5516",2018-10-08
102565,16333775,"Solutions Plus, Inc.",,Earth Solv Plus,SP 530,2019-04-23
228235,14982058,PRODUITS CHIMIQUES ACP CHEMICALS INC.,,Papanicolaou Stain OG-6,"P0096, IMOG6",2017-06-08
222106,16492089,CATHAY Industries Australasia Pty Ltd,,EXACOL TARTRAZINE,9100000,2016-03-01
238239,15059477,Pinnacle Elastomeric Technology,,Compound ‚Äì RC715033,,2003-04-09
240842,16021138,Allison Systems Corporation,,"White (CX), Blue (CB), Silver (CSV)",,2019-05-15
248070,14697123,Ecolab Food Safety & Hygiene Solutions Pvt. Ltd,,ENVIROCID,,2018-11-02
234916,14780101,RSC Bio Solutions,,RSC EnviroLogic HF 32,ELHF32,2016-10-31
103258,16197047,Deurowood Produktions GmbH,,DeuroWet MA 30,,2016-05-25
230936,15043362,"DOMO Engineering Plastics US, LLC",,"Polyamide 6/6; PA66, Glass Reinforced, Heat Stabilized, Black",,2019-07-26
232630,16141617,DRT America LLC,,Scrubber Solution,,2017-07-11
103080,15133632,Arpadis Benelux NV,,Isopropanol,,2015-09-18
248023,15713630,ExxonMobil Hong Kong Limited,,MOBIL DTE 10 EXCEL 15,"201560103610, 622605-88",2018-08-17
227388,16293729,Burnishine Graphic Products,,PLATE SAV-UR,,2020-01-01
232604,16436007,Celanese Switzerland AG,,ELOTEX FX2380,,2017-11-24
232471,16030032,SANTEEN PRODUCTS CO,,S-T DRAIN OPENER,"32UU97, 32UU98",2015-07-03
239771,14928322,Roseburg,,Softwood Plywood,,2019-04-12
247297,16437085,Whiff Industries,,Ultra Pure,,2019-01-01
239078,15867386,SevenThree Distilling Company,General Work Products,PS 80 Hand Sanitizer,,
246604,14933286,"ELIX Polymers, S.L.",,ELIX ABS Pellets,ELIX005,2018-02-27
242502,14856742,Shawcor Norway AS,,"ULTRAShield Component 2, ULTRAJoint LT Component 2, ULTRASolid+ and ULTRAJoint HT Component 2",,2019-04-30
135387,14645069,Walter Surface Technologies,,TAPCUT,"53-A 103 (350 mL), 53-A 105 (3.78 L), 53-A 107 (20 L)",2018-08-15
54680,16619879,"LabChem, Inc.",,"Isopropanol, 70% v/v",LC15760,2021-08-11
248330,14729441,Russo Hardware Inc.,,Russo Power Melt Blue,,2017-04-06
235718,16682972,EDPRO Energy Group Inc.,,Propane,,2021-04-29
250102,16900806,Kyungin Tech.,,Lithium Bromide,,12/28/20
244902,14727610,Rotuba Extruders Inc.,,High Concentration Fragranced Cellulose Acetate Plastic Pellets,,2018-06-08
251489,16055586,Lumiprobe Corp.,,Cyanine5.5 NHS ester,"17020, 27020, 47020, 57020, 67020",2019-03-22
230531,16394697,Synasia Inc.,,"Syna-Epoxy 21, 3,4-Epoxycyclohexylmethyl 3,4-epoxycyclohexanecarboxylate",,2019-02-01
102753,15140230,Alcoa World Alumina LLC,,HYDRATED ALUMINAS (GROUND AND UNGROUND),,2017-11-22
238274,15840236,Spectra Systems Corporation,,SpectraFluor SFP-1420 UV Fluorescent Pigment,,2018-05-03
248521,14803512,Lauder Photo Supply,,FORMULA # 872 CONCENTRATED PAPER DEVELOPER,"27872-16, 27872-32, 27872-01, 27872-05",2015-02-19
195127,14781984,AIM,,Flux Rage F-35,GHS036,2017-12-07
231143,15588938,Team Laboratory Chemical Corporation,,Team 37 Terminator II,0320,2015-05-19
28975,15522223,Rust-Oleum Corporation,,ME148 Pale Gold,ME148,2015-03-18
234758,16086072,"Leepoxy Plastics, Inc.",,LEECURE B-614,,2016-01-06
219778,15910671,Marrone Bio Innovations,,Regalia (lot code formats 106-O5-XXXXXX-XX or 1065-XXXX-XX),,2016-02-23
238901,14856292,"Farnam Horse Products, A Division of Farnam Companies, Inc.",,Horse Health Ivermectin Paste 1.87%,,2018-11-15
232730,16073895,VAN NAY,,ECK-12,VE00010016,2020-06-02
222860,15552855,Watson Standard Adhesives Co. D.B.A Watson Standard,,UV/DFA-609,UV/DFA-609,2018-09-11
183223,14940025,Clariant Plastics & Coatings USA Inc.,,REMAFIN BLACK HDPE 50%,PH94620006,2016-05-26
103516,14640459,Athenex Inc.,,Irinotecan Hydrochloride Trihydrate 20 mg and 80 mg Tablet,,2019-01-18
244194,14716583,"BP (China) Industrial Lubricants Co., Ltd.",,Rustilo DWX 32,451220-TH04,2016-01-11
233991,15730738,Metropa Rotterdam B.V.,Kyodo Yushi Europe B.V.,TMO 150,3HAC032140,2019-12-03
248156,15284130,"Senmin, a division of AECI Mining Solutions Limited",,SENFROTH 38,,2018-09-27
240602,15403874,"JMS Flower Farms, Inc.",,Organic JMS Stylet-Oil,,2002-01-06
233994,16120665,"Allied Gases & Welding Supplies, Inc.",,"Argon, Liquid","Argon, Liquid",2015-08-03
242183,15808933,Phillips 66 CS Limited,,"Gas oils (petroleum), light vacuum",,2016-04-28
142583,14590869,SABIC Innovative Plastics US LLC,,HMG47MD-3H3D111,HMG47MD - 3H3D111,2015-06-05
222178,14936811,EcoClean Solutions,,Green Gobbler Drain Pacs,,2015-03-18
66639,16299942,"Supelco, Inc.",Sigma-Aldrich Corporation,N-Nitrosodiphenylamine solution,40060,2020-10-22
245689,14597690,American Custom Chemicals Corporation,,PREDNISOLONE,API0028617,2019-01-04
220619,14997627,Norweco,,Bio-Sanitizer,,2019-01-07
239159,16552901,Imperial Manufacturing Inc.,,Sweep Aid Creosote Treatment.,KK0319,2020-03-02
232121,14608549,Immunalysis Corporation,,"Oxycodone Urine Calibrator, Oxycodone Urine Control Set, Oxycodone Urine Calibrator Set","C302UR-10-1-100, C302UR-10-1-300, C302UR-10-2-100, C302UR-10-2-300, C302UR-10-5",2016-11-01
236061,14868691,JSP,,US120 Polishing Compound Remover,,2009-10-23
206872,14755169,"Brenntag Great Lakes, Inc.",,HYDROGEN PEROXIDE 30% NSF,,2018-03-23
230855,15739802,PVS Benson,,Sodium Hydroxide 50%,,2019-04-18
140969,16307215,Brodi Specialty Products Ltd,,V Wipes Hand Towels,767,2017-11-21
223835,16388611,Veolia North America Regeneration Services LLC,,"Sulfuric Acid, Fuming (Oleum less than 30%)(100-106.7%)",,2017-07-26
239755,14608226,Atom Scientific Ltd,,POTASSIUM BICARBONATE,GPC6901,2015-05-26
246495,15200695,"FC PRO, LLC",,Citrus-Solv HP,971089,2017-04-13
242953,16479371,Pall France,,"Q, CM, DEAE, S Ceramic HyperD F and Q, S Ceramic HyperD 20","20066, 20050, 20067, 20062, 20040, 20038",2006-09-15
233275,16342018,XL Brands,,XL 2500 PLUS ADHESIVE,F000003495,2017-05-22
235180,14812727,Chemalloy Company LLC,,Chromium Nitride,,2015-05-21
232547,16455382,NURA USA LLC,,L-Theanine,,
240116,14878247,nextzett GmbH,,"NEXTZETT ""GUMMI PFLEGE STIFT""",151621,2017-04-28
241927,14982779,SRP INDUSTRIES,,"#5 Epoxy, Part A",,2018-06-01
246808,16042071,Animal Pharmaceuticals,,Eucalyptus Otic,,2015-10-22
230718,14789255,Sigma-Aldrich Chemie GmbH,,"SILICA GEL BLUE, 1-3 MM",85340,2006-02-09
241939,15207324,CERCOL S.p.A.,,F.40 CERPOXY comp. B,,2015-06-16
231979,15865459,American Hygienics Corporation,,Multipurpose Pre-Moistened Wipes - 800ct Roll,,2019-11-21
221828,15520032,CPD Construction Products,,CPD HARDCURE,,2017-10-08
238974,14865042,eSense,,Cocoa Extract Natural,e1-1337,2012-09-01
187374,15160873,IDEXX,,"Colilert Comparator, Presence/Absence WP104, MPN Tube W102","98911682900, 98920722900",2019-07-03
240663,16380506,"Brush Wellman, Inc.",UDDEHOLM AB,Moldmax HH/LH and Weldpak,,2010-08-08
240446,16047986,RHI Canada Inc.,,PLIVAFORM,,2012-01-23
241979,14957236,Dr. Babor GmbH & Co. KG,,Dr. Babor Neuro Sensitive Ampulle,234308,2016-07-15
186323,16620935,Crown Equipment Corporation,,CITRUS DEGREASER SPRAY,363156 / 2874R,2019-04-01
224636,15540157,Ticona,,CELCON M90-34 CF2001 NATURAL,20003557,2009-12-03
249467,16374114,ALPHATHERM. INC.,,"Acid Resistant Brick, Acid Resistant Tiles",,
243867,15296364,"CytomX Therapeutics, Inc.",,CX-2009 Humanized Monoclonal Antibody conjugated to DM4 in solution,,2017-05-10
193794,15761986,"ProActive Solutions USA, LLC",,4-Quat Sanitizer,5000-0300,2019-01-17
236250,15759156,Adavnced FRP Systems Inc.,,Ceramic Repair Putty Base,,2015-10-20
237268,15298056,Qualicon Diagnostics LLC A Hygiena Company,,RiboPrinter System MP Conjugate,ASY2040 (D12415370),2017-09-28
241451,14603527,HILCO VISION,,OPTIMIZE LENS CLEANER,,2017-05-05
241563,14880710,"Verastem, Inc.",,"Duvelisib Capsules (5 mg, 15 mg, 25 mg)",,2018-09-07
251665,16069201,EZkem,,Dowfax 2A1,"A000080, E060064",2018-05-01
216708,14604652,Value Fragrances and Flavors,,M-0296 Orange,M-0296,2017-11-17
223734,16441431,Fisher HealthCare,,Fisher HealthCare Sure-Vue hCG Combo and Sure-Vue hCG STAT Cassette Test,"23900530, 23900531, 23900528, 23900529",
230623,15854561,UNITED CONVEYOR CORPORATION,,UCC-POH025,10000001222,2020-03-12
230416,15926486,Ambersil Ltd.,,LPS HEAVY DUTY SILICONE LUBRICANT (AEROSOL SPRAY),M15400,2003-01-23
230637,16336688,Sandvik Coromant Company,,"Sandvik Coromant ceramic composite grades: CC620, CC670, CC650/6050, CC680/6080, CC690/6090, GC1690, CC6060, CC6065, CC6190",,2006-11-22
238603,14962023,Umicore Galvanotechnik GmbH,,Umicore Sealing 691 Concentrate,"000000573600691021, 300000002998",2018-11-14
232689,16015867,Hammond Lead Products,,Litharge High Metallic,,2014-09-23
248041,16070614,UR-CAN INC.,,Onguard PRO-PERM INSECT KILLER,,2019-02-15
242010,16332394,SMC Minerals & Chemicals AB,,"Microtalc PT, PV, PW, all types",40xx,2020-10-16
189202,16072211,Cardolite Corporation,,Multipurpose Resin Modifier,Cardolite NX-2024,2018-01-16
213209,14615591,"Draco Natural Products, Inc.",,Green Coffee Bean Granular Extract 50%,CSFMU-MG-037-G,2019-01-18
249115,16109869,"INDUSTRIAL QUIMICA LASEM, S.A.U.",,WEICHOL 32 W,2495,2019-08-01
235080,14615538,ICL Advanced Additives-Hammond,,HALOX XTAIN A,,2017-06-07
236933,16464023,Konica Minolta Business Solutions Europe GmbH,,TN619K,,2014-01-28
208372,15510318,MicroCare Corporation,,"FRC GENERAL PURPOSE FLUX REMOVER - FLUX REMOVER C, AEROSOL","MCC-FRC,MCC-FRC101,MCC-FRC105,MCC-FRC10Y",2015-10-23
185395,15145421,"Mimaki Engineering Co., Ltd",MIMAKI USA. INC.,Dye Sublimation Ink Sb54 Light Magenta T,,2017-04-24
237270,15737552,Aerosol Ltd,,Ronsonol - Lighter fluid,,2018-01-19
244076,15906333,TRAXX CORPORATION,,Exterior Grade Phenolic Bonded Birch Plywood Underlayment,,2018-07-20
100527,16163398,WEGO CHEMICAL GROUP,,Hydroxyethyl cellulose,,2016-11-09
241272,16349882,Dynemic Products Ltd,,D & C Yellow 10,,2018-12-01
249353,16331001,Cyndea,"Camber Consumer Care, Inc.",Drospirenone and Ethinyl Estradiol Tablets USP,,2019-05-04
193896,15839436,"Shanghai PhiChem Material Co., Ltd.",,Primary Fiber Coating,,2017-08-18
247524,15127536,Grigg Brothers,,Nutra Green,210,2015-08-12
165431,15700035,JSR Corporation,,JSR RB820,,2019-09-20
249144,16115273,GENERAL PAPER COMPANY,,Bowl Honey,5285,2015-06-01
140916,14655362,Standridge Color Corporation,,DOGGIE TOGO PINK,"90511, 18SAM0635",2019-02-25
222652,15793941,TOTALBOAT LLC,,TOTALBOAT RUST PRIMER,"TB-0911, TB-0912",2016-03-03
228650,15584127,Ranger Industries,,"Glossy Accents, Crackle Accents, Enamel Accents","GAC17042, GAC27898, CAC27904, CAC21926, GAC48954, GAC48893, GAC48886, GAC48930, GAC48909, GAC48947, GAC48879, GAC48862, GAC48961, GAC48916, GAC48978, GAC48855, GAC27355, WVE57925, WVE57970, WVE57956, WVE57949, WVE57932, WVE57918, WVE57963, WVE57987",2018-06-01
190035,15160200,"Canon U.S.A., Inc.",,Ink Tank Cyan TCS500,"29953719, 29953723, 1060019426, 7518B001AA, 7518B005AA, 7518B011AA",2019-07-12
248171,15699280,Intek Marine Technologies LLC,,Intek SLC,IMSLC/8,2015-07-27
246450,14755247,HMC Polymers Company Limited,,Moplen RP242G,9010-79-1,2018-06-22
234970,15034347,Chemodex AG,,5-DTAF hydrochloride,D0123,2018-11-14
218035,16492699,Intermountain Life Sciences,,"Sodium Chloride 0.9% (Normal Saline), USP Sterile Grade","Z1376, Z1377, Z1379",
230507,15681428,Thermal-Lube Inc.,,XL0LC1 Semi-synthetic lithium complex grease,,2019-12-18
246338,14638519,Wisura GmbH,,WISURA 3620,,2013-01-25
234999,15590982,Friedrich Scharr KG,,Paraffinum Perliquidum,"017-09105-050, 017-09105-073, 017-09105-085, 017-09105-062, 001-23403, 001-23430, 001- 21371, 001-25130/8",2013-10-31
224441,16397516,REG International Trading & Commodities BV,,"Sludge Oil, Palm",,2021-01-11
222665,15839272,UNITED RESIN CORP,,HARDENER 641,,2012-04-13
236300,16430664,Adventure Ready Brands,,"Picaridin (Icaridin) 20% Insect Repellent, Non-Aerosol (Pump Spray)","0006-6097, 0006-6772, 0006-6840, 0006-6850, 0006-6852, 0006-6855, 0006-6856, 0006-6871, 0006-7320, 0006-7325, 0006-7786, 0006-7787, 0007-7410, 0007-7415, 0007-7416, 0007-7417, 044224068507, 044224067722, 044224068521, 044224068552, 044224068712",2021-03-31
224818,16140923,"Century Pharmaceuticals, Inc.",,Sodium Hypochlorite Solution 0.0125% w/v,,2019-11-07
192669,16030592,DSM Engineering Materials B.V.,,Akulon RePurposed RE,WW65700,2020-04-05
230028,14783275,DEB Worldwide Healthcare Inc,,Deb Instant Foam,"AFS1TF-US, IFS50ML-US, IFS400ML-US, IFS1L-US, AFS70",2015-10-09
244145,15675078,Lockheed Martin Advanced Energy Storage,,Organo-Titanate,,2020-01-06
178613,15059539,"Fresh Products, LLC",,Para Wall Blocks,"24WB , 24WBH",2017-12-28
247668,14900589,"Quality Assurance Resources, LLC",,Coal Reference Material,"CRM-1, CRM-2, CRM-3, CRM-4, CRM-5, CRM-6, CRM-7, CRM-8, CRM-9",2015-05-30
240209,16463609,"JS Products, Inc.",,Steelman Security Seal,JSP10118,2015-05-26
223430,14755682,Bridgepoint Systems,,FRESH LEMON DEODORIZER CD12,,2013-07-26
239019,15145225,Vesta Chemicals B.V.,,CatOnium TBAB,,2019-07-02
250022,16551198,Dongguan JieFu Flame Retardant Materials Co. Ltd,,Diantimony trioxide,,2020-01-01
207666,15870346,"HR Pharmaceuticals, Inc.",,HR HAND SANITIZER,,2020-03-27
228281,14942012,Sci-Tech Engineered Chemicals,,Protocol K-300i,STCK300i,2019-03-06
236196,15687545,INX Digital Czech a.s.,,MUFX Black - PRODIGY,"1424092, 1424092-01LT",2019-10-08
233239,16192365,Industrial Summit Technology Corporation,,Pyre-M.L. T 8585 Thinner,,2020-08-01
240381,15042304,"Davies Imperial Coatings, Inc.",,IL FAST DRY WHITE TRAFFIC MARKING PAINT,4635,2019-01-21
